component,A,phi_deg,bias
l_qx,-2.9630982826272823e-07,48.048411277299735,0.010571611316655145
l_qy,-3.8489171352067864e-07,76.84519623469116,-0.0015749633699315407
r_qx,5.598890997574933e-07,-1.3063232697637488,-0.016657289426445527
r_qy,-3.907983858949595e-07,78.68636281622759,-0.0044772738898169046
