component,A,phi_deg,bias
l_qx,4.5195766519065195e-07,80.67406441978422,-0.09120299356887218
l_qy,-2.545775750491538e-07,27.24678000966173,0.025372581510110126
r_qx,7.699502587833184e-07,105.83281321604697,-0.025721600296429694
r_qy,-2.8899554254864027e-07,29.377729686004916,0.0229769682478681
