component,A,phi_deg,bias
l_qx,5.555315601922426e-07,-12.707849387760676,-0.03675797446267863
l_qy,4.424391766443685e-07,-93.35108123237173,0.01898612555927149
r_qx,5.224039148303725e-07,6.945925184283005,0.05293920692219888
r_qy,-4.2413488593957766e-07,66.90610931614415,0.019889408961647047
