component,A,phi_deg,bias
l_qx,-1.7197193272720847e-06,-6.900710933198133,-0.04522467407363118
l_qy,1.8673595909188036e-06,96.93311494249184,0.034566998729135136
r_qx,-1.714232342679171e-06,8.263528037066983,0.045616469021100316
r_qy,1.8664838377399834e-06,85.03928709002652,0.03399492478684405
